date;steps;distance;calories;heart_rate
27.04.2016;4948;3242;281;74
28.04.2016;16573;12060;751;72
29.04.2016;18002;12916;737;75
30.04.2016;4126;2981;207;73
01.05.2016;3869;2651;244;70
02.05.2016;10004;7330;426;71
03.05.2016;14565;11022;616;73
04.05.2016;6295;4341;315;74
05.05.2016;12424;10207;587;75
06.05.2016;7964;5736;345;72
07.05.2016;9518;7071;456;72
08.05.2016;4088;3119;197;73
09.05.2016;1958;1266;134;70
10.05.2016;4534;2974;270;71
11.05.2016;2569;1661;198;75
12.05.2016;10398;7728;500;74
13.05.2016;4276;2809;251;70
14.05.2016;4591;3314;264;71
15.05.2016;3164;2094;190;70
16.05.2016;5880;4415;253;70
17.05.2016;2499;1615;135;75
18.05.2016;7824;5584;387;73
19.05.2016;9053;6697;431;74
20.05.2016;12367;8560;614;70
21.05.2016;11307;8250;454;70
22.05.2016;1531;990;119;70
23.05.2016;2585;1671;165;71
24.05.2016;12141;8997;529;72
25.05.2016;9159;6433;455;70
26.05.2016;15682;11175;667;70
27.05.2016;16859;11675;698;70
28.05.2016;1480;957;108;72
29.05.2016;19521;13842;805;73
30.05.2016;4950;3603;214;73
31.05.2016;3575;2313;239;70
01.06.2016;11677;8641;535;74
02.06.2016;3755;2918;187;72
03.06.2016;5117;3402;245;74
04.06.2016;5896;3947;311;71
05.06.2016;3294;2129;205;73
06.06.2016;7644;5372;366;73
07.06.2016;9196;6306;434;72
08.06.2016;11668;8231;482;75
09.06.2016;4698;3037;290;73
10.06.2016;13407;9340;631;73
11.06.2016;10886;7569;491;71
12.06.2016;3912;2529;248;72
13.06.2016;9188;6839;381;72
14.06.2016;5231;3502;280;75
15.06.2016;13878;10191;603;73
16.06.2016;11051;7398;483;73
17.06.2016;8004;5495;412;70
18.06.2016;30386;21052;1104;72
19.06.2016;37375;26057;1333;73
20.06.2016;26579;18860;1015;70
21.06.2016;29694;21190;1114;73
22.06.2016;23866;16846;861;72
23.06.2016;30013;21454;1051;74
24.06.2016;21101;14760;889;71
25.06.2016;22026;15974;855;72
26.06.2016;1895;1225;133;73
27.06.2016;7038;4929;418;75
28.06.2016;13270;9506;608;73
29.06.2016;9896;6819;456;72
30.06.2016;13112;8948;590;74
01.07.2016;15140;10834;647;73
02.07.2016;2522;1630;204;70
03.07.2016;10103;7013;466;70
04.07.2016;20349;14639;796;71
05.07.2016;9983;7257;442;72
06.07.2016;20540;14902;799;71
07.07.2016;7053;5149;352;70
08.07.2016;4499;2980;229;70
09.07.2016;5678;4233;293;70
10.07.2016;11777;8557;464;71
11.07.2016;3154;2159;206;71
12.07.2016;20699;14186;778;71
13.07.2016;16828;11917;705;75
14.07.2016;14564;10617;629;71
15.07.2016;27465;19750;1168;74
16.07.2016;7126;5318;345;74
17.07.2016;3530;2424;222;72
18.07.2016;19395;13484;893;72
19.07.2016;22027;16025;932;71
20.07.2016;14825;10500;618;75
21.07.2016;28426;20409;1151;75
22.07.2016;21696;15552;918;73
23.07.2016;821;531;80;70
24.07.2016;11925;8904;533;75
25.07.2016;19729;13917;855;73
26.07.2016;24865;17352;1024;74
27.07.2016;17319;12215;817;71
28.07.2016;22108;15701;938;73
29.07.2016;27582;19790;1122;73
30.07.2016;13132;9147;589;70
31.07.2016;16795;11847;652;70
01.08.2016;27038;19214;1160;72
02.08.2016;14171;9976;585;70
03.08.2016;11759;8512;515;70
04.08.2016;22070;15257;940;71
05.08.2016;14260;10770;628;74
06.08.2016;11559;7930;563;73
07.08.2016;12764;8931;496;74
08.08.2016;27581;19889;1171;75
09.08.2016;26044;18875;1055;70
10.08.2016;12709;9274;550;72
11.08.2016;12728;8866;527;75
12.08.2016;20143;14325;857;72
13.08.2016;8596;5886;412;70
14.08.2016;8501;6015;421;74
15.08.2016;14931;11065;676;70
16.08.2016;11955;8657;524;74
17.08.2016;17636;12686;765;72
18.08.2016;15932;11402;732;73
19.08.2016;18123;12706;778;75
20.08.2016;5026;3751;222;75
21.08.2016;9142;6742;469;74
22.08.2016;19683;13857;852;72
23.08.2016;21144;14729;855;71
24.08.2016;15255;10720;749;71
25.08.2016;18885;13489;860;70
26.08.2016;12161;7894;613;74
27.08.2016;3785;2500;240;72
28.08.2016;2500;1643;178;71
29.08.2016;13106;9558;578;75
30.08.2016;12277;9246;523;72
31.08.2016;11645;8758;495;73
01.09.2016;16011;11113;790;75
02.09.2016;21420;16047;946;70
03.09.2016;0;0;0;71
04.09.2016;0;0;0;75
05.09.2016;0;0;0;74
06.09.2016;0;0;0;75
07.09.2016;0;0;0;73
08.09.2016;0;0;0;73
09.09.2016;0;0;0;70
10.09.2016;0;0;0;72
11.09.2016;12045;9011;553;72
12.09.2016;15082;11275;679;70
13.09.2016;21065;15026;881;71
14.09.2016;12903;9436;548;70
15.09.2016;28063;20747;1197;74
16.09.2016;19197;14346;811;71
17.09.2016;12004;8640;544;73
18.09.2016;8219;5740;416;71
19.09.2016;19781;14387;833;71
20.09.2016;27085;19665;1067;70
21.09.2016;30265;21630;1311;74
22.09.2016;14753;10554;652;75
23.09.2016;11071;7738;575;75
24.09.2016;1244;804;102;73
25.09.2016;17736;12438;790;73
26.09.2016;26795;20174;1124;74
27.09.2016;13561;10107;622;73
28.09.2016;16191;11283;806;72
29.09.2016;18566;13080;892;75
30.09.2016;14748;10758;646;71
01.10.2016;7404;5374;358;70
02.10.2016;145;94;7;73
03.10.2016;0;0;0;73
04.10.2016;0;0;0;70
05.10.2016;0;0;0;74
06.10.2016;0;0;0;72
07.10.2016;0;0;0;71
08.10.2016;0;0;0;73
09.10.2016;10575;7929;403;73
10.10.2016;15274;11166;651;74
11.10.2016;15986;11509;721;75
12.10.2016;23345;16446;1060;70
13.10.2016;23901;16759;1062;74
14.10.2016;15237;11413;605;72
15.10.2016;4352;3278;231;73
16.10.2016;5291;3518;333;71
17.10.2016;8547;6132;377;73
18.10.2016;17119;12351;800;75
19.10.2016;25874;18919;1141;71
20.10.2016;21677;15214;990;70
21.10.2016;22065;16156;921;74
22.10.2016;6318;4711;315;73
23.10.2016;17824;13232;678;70
24.10.2016;14187;10112;343;73
25.10.2016;18272;12947;439;75
26.10.2016;15063;11494;413;74
27.10.2016;12390;9318;328;71
28.10.2016;14532;10579;362;73
29.10.2016;11376;7955;281;71
30.10.2016;14737;10940;360;73
31.10.2016;13436;9982;359;71
01.11.2016;30190;22446;753;70
02.11.2016;16513;12126;412;72
03.11.2016;19682;14068;466;75
04.11.2016;2207;1427;61;75
05.11.2016;3443;2225;93;71
06.11.2016;9662;7195;248;72
07.11.2016;13192;9757;340;73
08.11.2016;18606;13315;450;71
09.11.2016;17586;13037;455;72
10.11.2016;21344;15312;509;72
11.11.2016;16311;11851;417;71
12.11.2016;9921;7326;267;72
13.11.2016;6737;4961;187;74
14.11.2016;13734;10222;356;72
15.11.2016;11587;8409;295;70
16.11.2016;12303;8881;298;73
17.11.2016;15141;10504;353;75
18.11.2016;11619;8564;293;72
19.11.2016;17816;13346;436;70
20.11.2016;4327;3069;108;74
21.11.2016;14434;10803;373;74
22.11.2016;12083;8972;313;73
23.11.2016;23947;17500;602;70
24.11.2016;19426;13863;467;70
25.11.2016;8535;6323;226;72
26.11.2016;12832;9357;324;70
27.11.2016;1240;802;39;71
28.11.2016;12886;9291;336;72
29.11.2016;15865;11395;394;72
30.11.2016;10835;7151;232;74
01.12.2016;10000;7076;248;73
02.12.2016;22077;16118;565;72
03.12.2016;10512;7575;263;71
04.12.2016;3333;2291;88;71
05.12.2016;17520;12353;416;72
06.12.2016;14459;10492;350;74
07.12.2016;20565;15305;506;71
08.12.2016;24919;18342;606;73
09.12.2016;13301;9340;304;72
10.12.2016;11995;8053;270;72
11.12.2016;4267;2782;111;75
12.12.2016;13909;9262;291;73
13.12.2016;9744;7005;244;75
14.12.2016;18838;13601;464;75
15.12.2016;13645;9984;340;75
16.12.2016;22452;15995;528;74
17.12.2016;10979;7878;264;75
18.12.2016;19452;14814;495;73
19.12.2016;13637;9741;344;75
20.12.2016;27032;19965;657;74
21.12.2016;20437;14434;482;70
22.12.2016;12226;8799;292;71
23.12.2016;21049;15788;532;73
24.12.2016;12603;9173;309;70
25.12.2016;2753;1895;75;72
26.12.2016;15457;10820;352;73
27.12.2016;20188;14165;455;75
28.12.2016;11157;8228;285;74
29.12.2016;13039;9461;310;70
30.12.2016;16310;11830;418;71
31.12.2016;6426;4465;153;71
01.01.2017;805;520;23;72
02.01.2017;828;535;26;71
03.01.2017;22320;16416;570;75
04.01.2017;17713;11524;339;74
05.01.2017;6207;4515;164;74
06.01.2017;1516;980;46;71
07.01.2017;11295;8629;313;70
08.01.2017;10440;7407;252;74
09.01.2017;14209;10290;351;73
10.01.2017;11725;8621;303;70
11.01.2017;20166;14429;502;72
12.01.2017;23969;17019;558;70
13.01.2017;13294;9576;327;74
14.01.2017;10972;7930;281;71
15.01.2017;14802;10841;359;73
16.01.2017;23473;17310;579;71
17.01.2017;14445;10497;350;72
18.01.2017;16882;11759;379;74
19.01.2017;13698;9166;299;71
20.01.2017;17057;12219;404;70
21.01.2017;3429;2396;94;75
22.01.2017;3269;2122;88;74
23.01.2017;13387;9284;307;73
24.01.2017;13882;9397;305;73
25.01.2017;5230;3420;119;75
26.01.2017;0;0;0;75
27.01.2017;0;0;0;75
28.01.2017;0;0;0;74
29.01.2017;0;0;0;70
30.01.2017;0;0;0;75
31.01.2017;0;0;0;73
01.02.2017;0;0;0;72
02.02.2017;55;36;2;74
03.02.2017;5912;4146;143;74
04.02.2017;834;539;25;73
05.02.2017;5984;4231;146;75
06.02.2017;9029;6495;229;73
07.02.2017;11806;8605;293;75
08.02.2017;10917;7834;265;75
09.02.2017;9390;7169;255;72
10.02.2017;7200;5045;174;72
11.02.2017;19223;13597;438;72
12.02.2017;3540;2430;87;71
13.02.2017;36318;26544;829;73
14.02.2017;26012;18415;565;74
15.02.2017;21264;15176;479;71
16.02.2017;21099;15291;499;74
17.02.2017;17218;12160;373;73
18.02.2017;0;0;0;70
19.02.2017;0;0;0;73
20.02.2017;20915;15347;483;70
21.02.2017;23366;17019;549;72
22.02.2017;32974;23637;729;70
23.02.2017;6910;4805;159;74
24.02.2017;4586;3192;119;73
25.02.2017;903;584;27;71
26.02.2017;5026;3500;131;72
27.02.2017;22002;16204;542;74
28.02.2017;20949;15337;508;74
01.03.2017;18709;13264;435;70
02.03.2017;9121;6764;222;72
03.03.2017;23131;16709;532;72
04.03.2017;18877;14055;478;75
05.03.2017;2968;2018;78;71
06.03.2017;18119;12822;420;71
07.03.2017;8868;6569;231;72
08.03.2017;12592;9285;300;72
09.03.2017;16910;12835;457;70
10.03.2017;15071;10857;353;73
11.03.2017;1146;741;34;74
12.03.2017;1231;796;37;72
13.03.2017;13076;9675;340;73
14.03.2017;25369;17963;588;70
15.03.2017;11828;8189;275;75
16.03.2017;13386;9214;301;74
17.03.2017;12221;8615;283;72
18.03.2017;2403;1692;69;73
19.03.2017;1367;884;40;70
20.03.2017;4096;2877;106;71
21.03.2017;16099;11437;388;75
22.03.2017;9849;7350;264;71
23.03.2017;19111;13907;472;70
24.03.2017;17162;12702;415;71
25.03.2017;1161;750;33;70
26.03.2017;4920;3611;129;74
27.03.2017;10688;7634;261;70
28.03.2017;15290;11081;375;73
29.03.2017;22507;16126;549;70
30.03.2017;14097;9913;333;73
31.03.2017;12988;9305;318;74
01.04.2017;7721;5889;204;74
02.04.2017;3296;2286;86;72
03.04.2017;18924;13724;453;70
04.04.2017;18336;13278;432;70
05.04.2017;15375;11484;388;73
06.04.2017;20230;15139;511;75
07.04.2017;11657;8437;281;75
08.04.2017;10972;7939;276;71
09.04.2017;37255;27868;894;72
10.04.2017;24167;17392;564;70
11.04.2017;18940;14269;487;73
12.04.2017;11702;8894;313;70
13.04.2017;12548;9210;312;70
14.04.2017;13242;9695;343;71
15.04.2017;4238;2794;100;72
16.04.2017;16954;11974;392;74
17.04.2017;10228;7153;247;73
18.04.2017;11196;7735;248;71
19.04.2017;14413;9830;319;72
20.04.2017;6720;4643;171;75
21.04.2017;16906;12227;422;70
22.04.2017;32210;23114;712;74
23.04.2017;36537;26240;793;73
24.04.2017;23665;17251;559;74
25.04.2017;443;286;11;73
26.04.2017;22493;16505;555;70
27.04.2017;1154;755;28;73
28.04.2017;22243;15974;532;72
29.04.2017;3299;2291;83;73
30.04.2017;15212;10782;348;74
01.05.2017;977;632;26;71
02.05.2017;0;0;0;73
03.05.2017;0;0;0;71
04.05.2017;171;111;4;71
05.05.2017;10750;7361;254;74
06.05.2017;12307;8289;281;75
07.05.2017;3169;2183;83;74
08.05.2017;3887;2825;96;75
09.05.2017;3766;2623;104;74
10.05.2017;4578;3237;123;73
11.05.2017;7143;4817;162;75
12.05.2017;13748;10094;350;72
13.05.2017;15947;10799;357;70
14.05.2017;9360;7207;267;73
15.05.2017;5966;4031;139;72
16.05.2017;3809;2723;104;75
17.05.2017;5900;4033;139;71
18.05.2017;9813;6536;220;74
19.05.2017;6429;4347;148;74
20.05.2017;13506;8932;290;72
21.05.2017;3544;2346;98;71
22.05.2017;5936;4074;146;74
23.05.2017;12618;9195;310;72
24.05.2017;17604;12798;411;72
25.05.2017;10338;7845;270;73
26.05.2017;6952;4849;164;74
27.05.2017;26122;18349;576;75
28.05.2017;20480;14344;454;73
29.05.2017;5272;3607;124;70
30.05.2017;10354;7448;248;74
31.05.2017;10016;6892;221;71
01.06.2017;5778;4001;141;70
02.06.2017;4579;3057;113;71
03.06.2017;10868;7179;235;72
04.06.2017;2234;1457;62;70
05.06.2017;3674;2514;87;75
06.06.2017;11315;8189;269;70
07.06.2017;17788;12788;399;74
08.06.2017;5459;3672;117;73
09.06.2017;8960;6306;214;71
10.06.2017;13480;9480;297;75
11.06.2017;19051;13334;414;72
12.06.2017;11668;8030;250;74
13.06.2017;7808;5219;160;74
14.06.2017;5347;4064;130;72
15.06.2017;14994;10759;356;74
16.06.2017;5108;3457;128;73
17.06.2017;17437;11516;377;73
18.06.2017;2160;1396;60;71
19.06.2017;4657;3314;120;73
20.06.2017;4862;3521;128;73
21.06.2017;2770;1950;75;71
22.06.2017;5164;3535;124;70
23.06.2017;5071;3503;118;70
24.06.2017;26745;19494;675;70
25.06.2017;14538;10176;341;70
26.06.2017;3858;2685;98;72
27.06.2017;4713;3361;120;71
28.06.2017;5496;3803;136;73
29.06.2017;6548;4588;160;70
30.06.2017;15384;10372;338;74
01.07.2017;10228;6684;224;71
02.07.2017;10153;7500;267;74
03.07.2017;16628;12517;427;70
04.07.2017;18676;14266;503;74
05.07.2017;4904;3473;120;70
06.07.2017;19022;13515;442;71
07.07.2017;5025;3681;133;70
08.07.2017;10115;7149;259;75
09.07.2017;4262;3279;128;73
10.07.2017;2402;1680;62;70
11.07.2017;811;561;22;74
12.07.2017;2538;1777;67;72
13.07.2017;4737;3538;132;72
14.07.2017;2710;1880;76;73
15.07.2017;14709;9665;305;74
16.07.2017;10059;7309;237;75
17.07.2017;11211;7929;269;73
18.07.2017;2695;1901;71;73
19.07.2017;4565;3327;120;71
20.07.2017;7260;5154;183;73
21.07.2017;14818;9725;305;71
22.07.2017;21404;14668;476;70
23.07.2017;7558;5627;188;75
24.07.2017;12012;9154;331;73
25.07.2017;8734;5786;198;73
26.07.2017;4006;2829;107;75
27.07.2017;6238;4450;163;73
28.07.2017;17688;12093;391;73
29.07.2017;37126;26491;828;74
30.07.2017;23826;16986;543;72
31.07.2017;7119;5077;188;74
01.08.2017;4015;2852;107;74
02.08.2017;12065;8364;278;70
03.08.2017;2553;1806;70;72
04.08.2017;14331;10880;384;72
05.08.2017;17125;12100;409;75
06.08.2017;4690;3568;140;71
07.08.2017;2599;1870;66;75
08.08.2017;8692;6165;202;70
09.08.2017;13583;10250;345;74
10.08.2017;17925;12914;428;73
11.08.2017;5911;3923;131;71
12.08.2017;17040;11521;373;75
13.08.2017;10490;7743;261;71
14.08.2017;4005;2684;91;75
15.08.2017;5645;4047;154;70
16.08.2017;6877;4795;176;73
17.08.2017;5650;3881;129;75
18.08.2017;9389;6172;202;74
19.08.2017;15915;11255;362;74
20.08.2017;11850;9021;304;71
21.08.2017;5985;4309;149;73
22.08.2017;18335;12720;428;72
23.08.2017;2866;1988;75;73
24.08.2017;8896;6635;237;74
25.08.2017;10408;7107;232;71
26.08.2017;17635;12489;408;71
27.08.2017;2665;1907;70;73
28.08.2017;7802;5555;198;74
29.08.2017;4885;3268;111;71
30.08.2017;3002;2112;80;75
31.08.2017;10176;7529;272;75
01.09.2017;3166;2212;79;70
02.09.2017;18094;13818;462;72
03.09.2017;30841;23002;793;71
04.09.2017;8752;5842;198;70
05.09.2017;3372;2477;95;75
06.09.2017;4600;3111;110;70
07.09.2017;5834;3930;134;72
08.09.2017;9773;7327;275;73
09.09.2017;14669;10141;334;73
10.09.2017;4788;3462;124;74
11.09.2017;4452;2982;111;72
12.09.2017;14137;10283;352;73
13.09.2017;10044;6828;224;70
14.09.2017;4408;2989;101;75
15.09.2017;8603;5997;197;73
16.09.2017;30522;20886;654;75
17.09.2017;19075;13012;407;73
18.09.2017;26213;18221;578;72
19.09.2017;25523;18991;625;72
20.09.2017;34543;24523;784;73
21.09.2017;27355;19258;607;70
22.09.2017;18863;13057;410;72
23.09.2017;4769;3362;123;75
24.09.2017;3292;2215;79;70
25.09.2017;6755;4739;168;74
26.09.2017;4751;3268;116;70
27.09.2017;6485;4477;154;73
28.09.2017;5488;3786;134;74
29.09.2017;4635;3137;102;72
30.09.2017;10977;7458;248;72
01.10.2017;6681;4907;176;73
02.10.2017;8778;6223;216;72
03.10.2017;6915;4748;168;75
04.10.2017;5033;3456;122;73
05.10.2017;5054;3363;117;72
06.10.2017;6362;4298;148;75
07.10.2017;9091;6253;209;75
08.10.2017;14455;10718;350;72
09.10.2017;3367;2361;95;70
10.10.2017;6486;4705;166;72
11.10.2017;7563;5472;200;71
12.10.2017;4392;2999;108;75
13.10.2017;5042;3556;127;71
14.10.2017;13621;9828;340;70
15.10.2017;4616;3465;127;73
16.10.2017;7231;4966;167;75
17.10.2017;5318;3703;138;70
18.10.2017;8963;6247;217;71
19.10.2017;15129;10961;388;73
20.10.2017;4420;3221;116;71
21.10.2017;3414;2293;84;75
22.10.2017;15392;11631;417;75
23.10.2017;10098;6926;232;75
24.10.2017;6357;4302;153;75
25.10.2017;6131;4105;143;72
26.10.2017;9406;6409;217;73
27.10.2017;7649;5282;189;72
28.10.2017;2809;1940;71;72
29.10.2017;469;303;14;73
30.10.2017;8055;5862;213;75
31.10.2017;8290;6033;220;75
01.11.2017;7222;5229;193;73
02.11.2017;3469;2490;88;75
03.11.2017;5054;3493;122;75
04.11.2017;12440;8736;298;75
05.11.2017;542;350;16;73
06.11.2017;5090;3815;139;75
07.11.2017;3102;2187;81;71
08.11.2017;4217;2911;104;72
09.11.2017;8765;5924;196;70
10.11.2017;8531;6021;206;70
11.11.2017;5692;3756;130;75
12.11.2017;324;209;10;71
13.11.2017;4251;2936;105;74
14.11.2017;11415;8582;302;71
15.11.2017;3822;2722;104;71
16.11.2017;2727;1955;76;70
17.11.2017;8457;6228;233;73
18.11.2017;9790;6854;242;72
19.11.2017;2394;1781;67;71
20.11.2017;4075;2889;108;71
21.11.2017;11289;7731;254;73
22.11.2017;13383;10198;369;75
23.11.2017;6632;4709;169;73
24.11.2017;4536;3253;119;70
25.11.2017;4204;2838;101;75
26.11.2017;9053;6930;259;72
27.11.2017;9377;6616;240;75
28.11.2017;7817;5256;180;74
29.11.2017;5089;3438;126;72
30.11.2017;3702;2593;95;72
01.12.2017;8291;5506;191;74
02.12.2017;5275;3563;122;72
03.12.2017;658;425;17;75
04.12.2017;5648;4030;146;71
05.12.2017;3628;2565;95;71
06.12.2017;4327;2898;105;73
07.12.2017;4870;3331;122;74
08.12.2017;12568;8771;283;70
09.12.2017;4162;2744;93;71
10.12.2017;2430;1709;61;73
11.12.2017;4813;3463;123;73
12.12.2017;13753;10121;350;73
13.12.2017;3183;2245;78;71
14.12.2017;4000;2813;103;74
15.12.2017;10766;7991;277;71
16.12.2017;10511;7735;256;71
17.12.2017;1901;1401;53;73
18.12.2017;6269;4478;152;73
19.12.2017;646;418;21;74
20.12.2017;2541;1836;68;75
21.12.2017;562;363;18;73
22.12.2017;10005;7549;270;72
23.12.2017;2837;1868;69;74
24.12.2017;25469;19348;672;71
25.12.2017;307;198;11;72
26.12.2017;2164;1495;53;73
27.12.2017;10611;8215;289;71
28.12.2017;430;278;15;74
29.12.2017;1963;1475;54;70
30.12.2017;8411;6359;233;73
31.12.2017;2632;1893;72;70
01.01.2018;690;446;22;75
02.01.2018;4145;3187;125;73
03.01.2018;1759;1137;48;75
04.01.2018;10697;7222;247;73
05.01.2018;8593;5770;191;70
06.01.2018;635;410;18;71
07.01.2018;2743;1886;68;70
08.01.2018;671;434;20;74
09.01.2018;3083;2251;94;75
10.01.2018;685;443;22;73
11.01.2018;777;502;24;75
12.01.2018;5282;4000;150;73
13.01.2018;1549;1127;40;73
14.01.2018;7053;5035;177;73
15.01.2018;6663;4840;174;70
16.01.2018;4705;3292;120;73
17.01.2018;3715;2594;96;73
18.01.2018;23706;17380;635;73
19.01.2018;844;546;23;74
20.01.2018;43;28;2;71
21.01.2018;26052;18538;605;73
22.01.2018;10567;7994;296;73
23.01.2018;8427;5918;199;74
24.01.2018;31246;23121;744;75
25.01.2018;4258;2807;96;75
26.01.2018;16689;12012;395;75
27.01.2018;1127;728;23;72
28.01.2018;9111;6182;191;74
29.01.2018;2531;1642;58;72
30.01.2018;4145;2723;89;74
31.01.2018;2485;1633;59;73
01.02.2018;10731;7376;231;72
02.02.2018;3814;2654;88;71
03.02.2018;1801;1164;40;70
04.02.2018;8889;6296;207;70
05.02.2018;2329;1513;54;72
06.02.2018;13372;9678;335;71
07.02.2018;9698;6606;221;72
08.02.2018;18029;13011;412;70
09.02.2018;6383;4278;145;75
10.02.2018;11154;7679;251;73
11.02.2018;8192;5334;180;74
12.02.2018;3394;2202;84;71
13.02.2018;12591;8857;282;72
14.02.2018;19825;13708;439;72
15.02.2018;6986;4605;156;70
16.02.2018;12846;9151;293;74
17.02.2018;6938;4801;158;72
18.02.2018;10075;6750;214;72
19.02.2018;3224;2084;74;73
20.02.2018;3475;2507;83;71
21.02.2018;271;175;6;74
22.02.2018;3812;2595;89;72
23.02.2018;2932;1906;67;71
24.02.2018;5017;3377;117;70
25.02.2018;3783;2487;81;74
26.02.2018;3043;2002;67;70
27.02.2018;16682;12410;440;70
28.02.2018;18167;13282;429;71
01.03.2018;6364;4326;137;70
02.03.2018;17737;12751;408;72
03.03.2018;3654;2528;82;75
04.03.2018;11302;8329;285;74
05.03.2018;2948;1906;65;70
06.03.2018;14543;10775;383;70
07.03.2018;15170;11338;407;72
08.03.2018;3675;2459;80;74
09.03.2018;8215;5925;204;74
10.03.2018;12053;9049;302;75
11.03.2018;6464;4670;155;71
12.03.2018;6345;4642;149;71
13.03.2018;13224;10262;376;74
14.03.2018;21348;15775;499;73
15.03.2018;11797;8548;269;74
16.03.2018;4803;3443;114;72
17.03.2018;7480;5001;160;72
18.03.2018;7805;5511;175;70
19.03.2018;3092;2066;67;73
20.03.2018;4592;3176;107;72
21.03.2018;451;292;13;75
22.03.2018;34;22;1;75
23.03.2018;1171;762;24;74
24.03.2018;5350;3791;125;75
25.03.2018;2332;1516;53;75
26.03.2018;2442;1612;55;70
27.03.2018;2410;1566;54;74
28.03.2018;5882;4182;139;73
29.03.2018;2902;1919;67;74
30.03.2018;2542;1661;52;74
31.03.2018;6775;4580;156;72
01.04.2018;2692;1754;68;75
02.04.2018;19909;14723;487;72
03.04.2018;6245;4086;132;72
04.04.2018;3019;2025;73;73
05.04.2018;3896;2551;88;74
06.04.2018;12281;8990;288;75
07.04.2018;31019;21576;680;73
08.04.2018;32547;22652;707;70
09.04.2018;23500;15989;495;71
10.04.2018;12748;8698;265;73
11.04.2018;22217;15636;493;71
12.04.2018;9083;6098;199;74
13.04.2018;26254;18549;582;73
14.04.2018;23288;15536;465;74
15.04.2018;13955;9436;301;73
16.04.2018;19165;13415;425;72
17.04.2018;29079;20180;625;74
18.04.2018;5382;3535;119;72
19.04.2018;8178;5589;195;73
20.04.2018;23292;16859;542;72
21.04.2018;23681;16541;515;74
22.04.2018;3534;2397;89;72
23.04.2018;2886;2024;79;72
24.04.2018;4720;3594;141;72
25.04.2018;775;501;23;74
26.04.2018;511;330;17;73
27.04.2018;961;621;29;71
28.04.2018;482;312;16;70
29.04.2018;456;295;14;75
30.04.2018;4453;3329;115;74
01.05.2018;12219;9490;358;73
02.05.2018;9761;7348;273;75
03.05.2018;15949;11963;399;72
04.05.2018;3347;2369;91;75
05.05.2018;25854;19509;656;72
06.05.2018;895;579;31;72
07.05.2018;873;564;26;73
08.05.2018;7851;5903;219;71
09.05.2018;4060;3040;118;75
10.05.2018;660;427;22;75
11.05.2018;2462;1789;67;71
12.05.2018;12813;9938;375;73
13.05.2018;2348;1659;63;70
14.05.2018;1059;685;31;70
15.05.2018;8586;6765;253;71
16.05.2018;20205;15176;548;71
17.05.2018;12935;9889;367;70
18.05.2018;866;560;25;73
19.05.2018;2405;1704;62;75
20.05.2018;437;282;13;73
21.05.2018;10996;8144;289;74
22.05.2018;30821;23125;797;74
23.05.2018;10259;7809;276;73
24.05.2018;12198;8651;299;75
25.05.2018;11353;8771;334;70
26.05.2018;7967;5693;194;75
27.05.2018;4646;3503;137;73
28.05.2018;11496;8240;284;70
29.05.2018;11762;8900;313;74
30.05.2018;25523;19419;668;73
31.05.2018;16878;12535;445;70
01.06.2018;10058;7625;281;72
02.06.2018;550;356;16;73
03.06.2018;9824;7342;259;74
04.06.2018;16021;12165;423;74
05.06.2018;23052;17658;638;70
06.06.2018;2037;1376;52;70
07.06.2018;6853;4882;166;71
08.06.2018;8010;5960;216;75
09.06.2018;9754;7166;253;75
10.06.2018;11912;8951;316;73
11.06.2018;6404;4154;143;70
12.06.2018;6583;4364;147;71
13.06.2018;23325;16699;553;74
14.06.2018;6893;4937;165;71
15.06.2018;15944;11308;377;71
16.06.2018;504;326;18;74
17.06.2018;4112;3098;117;75
18.06.2018;21672;15739;540;73
19.06.2018;7441;5477;193;73
20.06.2018;21969;16240;538;73
21.06.2018;942;609;24;70
22.06.2018;11204;8169;288;70
23.06.2018;19549;14417;468;73
24.06.2018;14428;10315;345;72
25.06.2018;32452;23487;742;75
26.06.2018;11609;8222;284;70
27.06.2018;7496;5334;178;75
28.06.2018;17544;12651;431;73
29.06.2018;748;483;20;73
30.06.2018;4837;3189;101;73
01.07.2018;4332;3248;121;74
02.07.2018;19088;13341;441;73
03.07.2018;24347;17648;612;72
04.07.2018;675;436;20;74
05.07.2018;2831;1964;70;71
06.07.2018;6193;4454;157;73
07.07.2018;13472;10588;408;73
08.07.2018;1008;652;27;73
09.07.2018;11770;8287;282;70
10.07.2018;14775;10911;393;73
11.07.2018;1012;654;28;72
12.07.2018;1323;855;39;74
13.07.2018;15506;11303;408;75
14.07.2018;2099;1516;57;75
15.07.2018;1110;717;28;71
16.07.2018;26510;19851;698;73
17.07.2018;809;523;25;74
18.07.2018;530;343;16;73
19.07.2018;4034;2884;104;71
20.07.2018;639;413;21;72
21.07.2018;2923;2176;83;74
22.07.2018;29767;21943;720;75
23.07.2018;14913;10478;338;75
24.07.2018;3105;2272;81;75
25.07.2018;1037;670;28;72
26.07.2018;16949;12268;401;72
27.07.2018;8090;5897;202;75
28.07.2018;15858;10815;335;70
29.07.2018;5417;3696;119;73
30.07.2018;14412;10589;347;72
31.07.2018;9136;6569;224;74
01.08.2018;16284;12140;416;72
02.08.2018;7484;5589;206;71
03.08.2018;7074;5218;181;74
04.08.2018;1888;1297;45;74
05.08.2018;7703;5818;197;73
06.08.2018;8984;6618;238;72
07.08.2018;10729;7884;268;75
08.08.2018;8965;6764;248;72
09.08.2018;7195;5128;176;71
10.08.2018;438;283;15;73
11.08.2018;24;16;1;70
12.08.2018;11337;8256;293;70
13.08.2018;6081;4453;155;72
14.08.2018;13673;10250;357;75
15.08.2018;8837;6570;238;70
16.08.2018;7871;5787;203;71
17.08.2018;7678;5552;198;70
18.08.2018;10879;7893;278;72
19.08.2018;12689;9375;303;70
20.08.2018;13143;9648;341;73
21.08.2018;12496;9004;308;74
22.08.2018;8483;6228;215;73
23.08.2018;5864;3818;128;74
24.08.2018;8635;6351;227;72
25.08.2018;13707;10009;330;70
26.08.2018;18422;13482;456;74
27.08.2018;7753;5739;207;74
28.08.2018;7408;5381;186;75
29.08.2018;7766;5681;196;73
30.08.2018;852;551;24;75
31.08.2018;2517;1864;75;75
01.09.2018;655;423;18;75
02.09.2018;1745;1211;49;71
03.09.2018;19099;15005;554;71
04.09.2018;2495;1762;68;72
05.09.2018;857;554;22;75
06.09.2018;7736;5670;199;74
07.09.2018;6140;4581;170;73
08.09.2018;509;329;14;71
09.09.2018;4168;3154;122;73
10.09.2018;9752;7074;248;72
11.09.2018;12261;8851;306;71
12.09.2018;3755;2775;103;73
13.09.2018;13960;10406;363;75
14.09.2018;8378;5963;200;73
15.09.2018;19272;13706;440;74
16.09.2018;4054;2982;110;75
17.09.2018;8739;6454;232;75
18.09.2018;15103;10962;377;72
19.09.2018;12331;9083;324;70
20.09.2018;7075;4956;167;74
21.09.2018;13357;10234;374;70
22.09.2018;2073;1403;54;74
23.09.2018;15394;11561;401;74
24.09.2018;10022;7572;286;73
25.09.2018;6804;5011;174;74
26.09.2018;11046;8012;271;75
27.09.2018;15581;11600;402;75
28.09.2018;1824;1254;46;73
29.09.2018;8859;6800;248;71
30.09.2018;9357;6969;241;75
01.10.2018;19897;14799;512;70
02.10.2018;12881;9560;340;72
03.10.2018;5896;4100;150;74
04.10.2018;4795;3432;120;70
05.10.2018;12115;8832;297;74
06.10.2018;3939;2812;100;72
07.10.2018;10635;7754;248;70
08.10.2018;6920;5280;184;72
09.10.2018;14052;10672;362;72
10.10.2018;10861;8092;266;72
11.10.2018;18771;13743;444;74
12.10.2018;16760;12007;377;75
13.10.2018;12539;9143;302;71
14.10.2018;13883;10330;361;73
15.10.2018;4627;3083;100;75
16.10.2018;6390;4604;151;75
17.10.2018;7008;5124;182;75
18.10.2018;3229;2215;76;71
19.10.2018;3230;2125;70;75
20.10.2018;1582;1030;38;73
21.10.2018;7988;5903;193;72
22.10.2018;6134;4225;138;75
23.10.2018;2419;1564;54;73
24.10.2018;11046;7994;278;71
25.10.2018;1144;739;28;71
26.10.2018;1622;1069;41;72
27.10.2018;1197;819;29;70
28.10.2018;526;349;12;74
29.10.2018;3882;2601;90;72
30.10.2018;4517;3057;106;73
31.10.2018;2587;1729;65;70
01.11.2018;2884;1876;63;75
02.11.2018;3244;2237;78;71
03.11.2018;219;142;7;71
04.11.2018;492;318;13;75
05.11.2018;1624;1059;38;72
06.11.2018;2592;1713;60;75
07.11.2018;10810;8438;320;71
08.11.2018;272;176;7;72
09.11.2018;0;0;0;73
10.11.2018;14;9;1;71
11.11.2018;0;0;0;70
12.11.2018;6532;4779;159;73
13.11.2018;4603;3462;125;71
14.11.2018;7273;5412;199;75
15.11.2018;4046;3016;112;71
16.11.2018;10475;7917;285;74
17.11.2018;23843;17379;593;71
18.11.2018;24505;17849;580;73
19.11.2018;9186;6653;229;70
20.11.2018;5143;3745;131;71
21.11.2018;8013;5840;204;74
22.11.2018;1979;1366;46;71
23.11.2018;3689;2503;88;73
24.11.2018;14;9;1;71
25.11.2018;684;470;16;74
26.11.2018;6934;4953;167;73
27.11.2018;2719;1903;65;72
28.11.2018;2147;1472;50;71
29.11.2018;1966;1385;48;72
30.11.2018;7936;5522;192;74
01.12.2018;10513;7298;246;70
02.12.2018;7559;5183;187;75
03.12.2018;4874;3496;115;73
04.12.2018;2637;1798;61;73
05.12.2018;4818;3575;127;71
06.12.2018;6953;5394;189;75
07.12.2018;2776;1954;70;75
08.12.2018;5822;3983;145;71
09.12.2018;7178;4826;162;75
10.12.2018;5216;3822;136;70
11.12.2018;9581;7282;274;72
12.12.2018;7766;5698;196;73
13.12.2018;6580;4999;188;72
14.12.2018;10123;7173;250;72
15.12.2018;1869;1278;43;75
16.12.2018;9915;6988;242;75
17.12.2018;5955;4287;143;75
18.12.2018;4094;3006;103;72
19.12.2018;4193;3053;108;75
20.12.2018;1749;1228;44;70
21.12.2018;5862;3981;136;73
22.12.2018;9064;6233;220;73
23.12.2018;7124;4811;156;75
24.12.2018;2356;1695;58;75
25.12.2018;28;18;1;70
26.12.2018;12;8;1;71
27.12.2018;11047;7691;255;74
28.12.2018;7587;5192;173;72
29.12.2018;1019;751;25;73
30.12.2018;9078;6242;207;73
31.12.2018;10551;7277;249;75
01.01.2019;10937;7515;251;72
02.01.2019;9095;6039;205;74
03.01.2019;1805;1295;45;75
04.01.2019;29176;20808;681;73
05.01.2019;4684;3431;122;75
06.01.2019;21642;15753;523;71
07.01.2019;5751;3993;146;74
08.01.2019;7934;5639;199;73
09.01.2019;11385;8182;286;73
10.01.2019;1778;1225;47;73
11.01.2019;4766;3359;117;72
12.01.2019;6527;4521;155;70
13.01.2019;10433;7277;253;70
14.01.2019;5956;4182;145;73
15.01.2019;5311;3813;139;74
16.01.2019;1556;1095;36;73
17.01.2019;5918;4090;141;70
18.01.2019;3928;2868;102;70
19.01.2019;1318;920;30;71
20.01.2019;5473;4280;157;72
21.01.2019;8603;5989;205;72
22.01.2019;4750;3434;122;71
23.01.2019;10434;7586;272;71
24.01.2019;0;0;0;71
25.01.2019;14087;10107;350;70
26.01.2019;15202;10776;343;73
27.01.2019;17939;12890;412;74
28.01.2019;5738;4094;141;74
29.01.2019;4860;3423;114;73
30.01.2019;2791;1938;67;73
31.01.2019;9891;7070;250;71
01.02.2019;11570;8306;299;70
02.02.2019;12026;8819;328;74
03.02.2019;53;34;2;73
04.02.2019;11653;8175;278;72
05.02.2019;5989;4385;150;72
06.02.2019;9444;7311;249;72
07.02.2019;3761;2709;94;73
08.02.2019;14976;10834;373;75
09.02.2019;3231;2484;95;74
10.02.2019;0;0;0;74
11.02.2019;13890;10347;379;72
12.02.2019;1745;1290;48;73
13.02.2019;8975;6901;233;73
14.02.2019;11950;8738;312;72
15.02.2019;13624;10133;357;73
16.02.2019;19299;13717;444;73
17.02.2019;23412;16717;547;70
18.02.2019;10676;7625;257;73
19.02.2019;3383;2318;83;73
20.02.2019;2737;2078;75;72
21.02.2019;1692;1265;46;73
22.02.2019;7544;5383;188;75
23.02.2019;1219;873;30;71
24.02.2019;11553;8701;317;70
25.02.2019;12452;9033;323;71
26.02.2019;9380;7335;284;75
27.02.2019;2269;1653;59;75
28.02.2019;9241;6797;252;72
01.03.2019;30526;22261;722;70
02.03.2019;25973;19102;638;75
03.03.2019;11923;8922;311;73
04.03.2019;21917;16428;595;73
05.03.2019;3936;2876;96;74
06.03.2019;9807;7387;266;70
07.03.2019;9447;6852;243;70
08.03.2019;9955;6985;238;72
09.03.2019;11187;8103;282;74
10.03.2019;7292;5092;175;72
11.03.2019;9365;6629;230;70
12.03.2019;12058;8633;308;72
13.03.2019;12122;9212;338;75
14.03.2019;8974;6308;221;72
15.03.2019;22522;16236;515;70
16.03.2019;11359;8094;257;70
17.03.2019;10055;7046;236;73
18.03.2019;20455;14875;486;73
19.03.2019;11491;7936;268;70
20.03.2019;8526;6269;220;70
21.03.2019;13164;10246;387;73
22.03.2019;8293;5948;202;71
23.03.2019;11166;8325;285;73
24.03.2019;0;0;0;71
25.03.2019;6955;5191;186;71
26.03.2019;10176;7702;286;71
27.03.2019;14546;10597;381;70
28.03.2019;9013;6983;264;71
29.03.2019;10031;7714;295;75
30.03.2019;8980;6496;234;72
31.03.2019;6940;4962;181;71
01.04.2019;2474;1708;56;74
02.04.2019;9711;6932;240;73
03.04.2019;6419;4746;171;71
04.04.2019;2148;1490;52;75
05.04.2019;10353;7370;262;70
06.04.2019;13815;10971;466;70
07.04.2019;3127;2073;71;73
08.04.2019;9157;6332;214;73
09.04.2019;13611;10029;346;72
10.04.2019;9869;6884;236;71
11.04.2019;2421;1726;59;72
12.04.2019;1280;912;33;70
13.04.2019;8453;5868;207;73
14.04.2019;6624;5766;281;73
15.04.2019;7286;4933;173;73
16.04.2019;7313;5425;193;70
17.04.2019;9048;6333;237;71
18.04.2019;18547;13908;496;75
19.04.2019;20401;14667;467;71
20.04.2019;15028;10555;337;71
21.04.2019;30382;22422;754;74
22.04.2019;23829;17416;582;74
23.04.2019;7037;5105;179;75
24.04.2019;7952;6148;231;71
25.04.2019;4801;3277;117;73
26.04.2019;10577;7525;265;71
27.04.2019;1360;879;30;73
28.04.2019;6830;4886;180;73
29.04.2019;8262;5654;201;75
30.04.2019;6053;4524;169;73
01.05.2019;8666;6779;238;70
02.05.2019;1718;1110;40;72
03.05.2019;8502;6217;233;75
04.05.2019;3300;2279;80;75
05.05.2019;10093;7011;246;74
06.05.2019;11186;7914;271;74
07.05.2019;13892;9832;347;74
08.05.2019;4487;3152;114;72
09.05.2019;2009;1303;47;71
10.05.2019;2506;1758;62;75
11.05.2019;8194;6001;226;75
12.05.2019;9059;6418;229;72
13.05.2019;8123;6716;310;71
14.05.2019;7416;5144;181;70
15.05.2019;7737;5676;206;73
16.05.2019;11177;8691;310;72
17.05.2019;12242;9365;356;72
18.05.2019;7889;5497;193;70
19.05.2019;10354;7457;262;70
20.05.2019;2540;1664;60;75
21.05.2019;9344;6534;227;73
22.05.2019;10857;8552;336;71
23.05.2019;8186;5592;195;75
24.05.2019;6404;4392;250;71
25.05.2019;10495;7557;272;75
26.05.2019;12853;10287;458;73
27.05.2019;2849;1868;70;72
28.05.2019;12215;8861;307;73
29.05.2019;4065;2881;107;71
30.05.2019;7143;5031;171;73
31.05.2019;2701;1841;62;71
01.06.2019;9280;6445;224;71
02.06.2019;12830;10386;465;74
03.06.2019;8382;6477;249;75
04.06.2019;9773;6914;240;71
05.06.2019;10074;7235;238;75
06.06.2019;2276;1494;53;75
07.06.2019;4553;3315;110;72
08.06.2019;19479;14124;497;71
09.06.2019;14295;10426;374;73
10.06.2019;7550;6069;231;73
11.06.2019;8012;5612;194;72
12.06.2019;17709;13504;523;73
13.06.2019;11018;7738;272;72
14.06.2019;7934;5919;215;75
15.06.2019;10819;7455;242;73
16.06.2019;19384;13933;447;72
17.06.2019;4300;3117;109;70
18.06.2019;6712;4589;153;71
19.06.2019;8164;5396;179;72
20.06.2019;10398;7555;263;70
21.06.2019;6358;4686;162;74
22.06.2019;8166;5931;225;74
23.06.2019;7470;5084;165;71
24.06.2019;8302;6322;224;71
25.06.2019;8868;6510;217;71
26.06.2019;1999;1314;44;75
27.06.2019;7229;4905;169;71
28.06.2019;7848;5821;213;74
29.06.2019;8955;6188;201;75
30.06.2019;8210;5803;189;72
01.07.2019;4847;3337;109;72
02.07.2019;2271;1515;52;70
03.07.2019;10025;7411;260;72
04.07.2019;10453;7404;264;74
05.07.2019;3418;2379;85;73
06.07.2019;9694;6970;250;71
07.07.2019;9607;6939;231;75
08.07.2019;7005;5140;180;74
09.07.2019;5377;3946;142;74
10.07.2019;4479;3356;122;71
11.07.2019;10829;7720;275;70
12.07.2019;8698;6599;243;71
13.07.2019;10019;6999;242;73
14.07.2019;1045;694;22;70
15.07.2019;3391;2474;87;75
16.07.2019;2731;2032;68;75
17.07.2019;4963;3667;128;75
18.07.2019;14142;10238;357;75
19.07.2019;5739;4094;146;75
20.07.2019;8073;5690;198;70
21.07.2019;8866;6469;232;73
22.07.2019;13392;9804;352;71
23.07.2019;15964;11924;394;74
24.07.2019;6875;4617;155;75
25.07.2019;8287;6277;216;74
26.07.2019;15629;11104;372;73
27.07.2019;25209;17715;575;73
28.07.2019;9637;6426;214;75
29.07.2019;21233;15732;510;73
30.07.2019;23896;16804;525;70
31.07.2019;21769;15202;486;71
01.08.2019;12326;8983;324;73
02.08.2019;10161;7207;260;71
03.08.2019;11322;7868;280;71
04.08.2019;13935;9688;322;72
05.08.2019;5846;3899;131;70
06.08.2019;8212;5632;188;70
07.08.2019;9077;6273;218;71
08.08.2019;7702;5269;174;72
09.08.2019;20895;14599;480;71
10.08.2019;7794;5230;172;74
11.08.2019;9756;6544;216;73
12.08.2019;8114;5498;194;70
13.08.2019;4107;3016;104;72
14.08.2019;11765;8265;287;71
15.08.2019;8472;5761;192;71
16.08.2019;6528;4830;182;73
17.08.2019;7766;5262;180;75
18.08.2019;7860;5308;182;72
19.08.2019;10462;7502;259;73
20.08.2019;16773;11737;377;70
21.08.2019;6531;4377;138;71
22.08.2019;4018;2749;86;71
23.08.2019;16446;11686;384;74
24.08.2019;10440;7244;227;71
25.08.2019;12626;9036;293;73
26.08.2019;7919;5520;189;73
27.08.2019;22259;15739;510;70
28.08.2019;30448;22104;728;71
29.08.2019;10783;7216;227;74
30.08.2019;20871;14776;477;74
31.08.2019;10005;7143;232;75
01.09.2019;8498;5924;203;72
02.09.2019;8061;5409;179;72
03.09.2019;12019;8357;278;75
04.09.2019;4771;3372;112;70
05.09.2019;10819;7518;260;73
06.09.2019;2825;1910;67;75
07.09.2019;10103;7099;256;70
08.09.2019;9402;6589;238;73
09.09.2019;10081;7304;256;70
10.09.2019;3550;2382;82;70
11.09.2019;7171;4855;171;74
12.09.2019;1066;798;29;71
13.09.2019;1635;1057;34;72
14.09.2019;0;0;0;73
15.09.2019;17573;12094;398;71
16.09.2019;12705;8810;299;74
17.09.2019;2940;2190;81;72
18.09.2019;3185;2211;79;73
19.09.2019;6914;4969;179;74
20.09.2019;9528;6540;220;75
21.09.2019;10076;6965;237;72
22.09.2019;11509;8442;288;70
23.09.2019;6987;4698;165;74
24.09.2019;6959;4751;169;73
25.09.2019;6040;4072;144;73
26.09.2019;12974;9206;322;74
27.09.2019;2464;1744;66;71
28.09.2019;10887;7497;258;74
29.09.2019;7710;5319;186;74
30.09.2019;4187;3137;115;72
01.10.2019;7103;5134;188;70
02.10.2019;7573;5187;181;73
03.10.2019;7209;4816;157;73
04.10.2019;4196;3004;120;75
05.10.2019;9386;6471;217;72
06.10.2019;6356;4759;167;73
07.10.2019;7139;5182;181;72
08.10.2019;8763;6269;220;72
09.10.2019;10314;7154;249;75
10.10.2019;8784;6590;242;75
11.10.2019;7494;5318;181;73
12.10.2019;7628;5183;179;71
13.10.2019;7076;4908;170;74
14.10.2019;13518;9730;348;75
15.10.2019;4318;2923;102;72
16.10.2019;13996;10019;354;75
17.10.2019;3799;2570;91;75
18.10.2019;6401;4357;152;70
19.10.2019;2842;1918;70;70
20.10.2019;9281;6320;218;71
21.10.2019;10315;6958;238;70
22.10.2019;10128;7026;240;71
23.10.2019;5551;3902;137;71
24.10.2019;10485;7737;273;71
25.10.2019;7046;5220;176;72
26.10.2019;9909;7053;261;74
27.10.2019;14098;9886;342;73
28.10.2019;10299;7913;308;75
29.10.2019;10266;7003;238;72
30.10.2019;11638;8412;288;71
31.10.2019;2269;1532;56;72
01.11.2019;5526;3966;136;72
02.11.2019;11300;7683;256;71
03.11.2019;12929;9088;315;75
04.11.2019;6407;4853;181;71
05.11.2019;6769;4791;164;74
06.11.2019;2687;1899;69;71
07.11.2019;863;558;26;72
08.11.2019;13100;9178;325;70
09.11.2019;9088;6238;212;73
10.11.2019;11640;8111;279;70
11.11.2019;6584;4746;171;74
12.11.2019;4105;2956;111;74
13.11.2019;16251;11547;403;75
14.11.2019;11271;7841;269;74
15.11.2019;2320;1672;63;71
16.11.2019;4570;3121;112;74
17.11.2019;10391;7151;236;75
18.11.2019;7676;5558;202;72
19.11.2019;5748;4180;162;72
20.11.2019;2605;1849;69;73
21.11.2019;11112;7763;281;75
22.11.2019;3691;2761;116;71
23.11.2019;8670;6028;211;74
24.11.2019;12548;8388;279;75
25.11.2019;7884;5527;188;73
26.11.2019;5718;3962;140;72
27.11.2019;6570;4869;179;73
28.11.2019;7477;5109;168;73
29.11.2019;3561;2471;91;70
30.11.2019;9637;6750;231;73
01.12.2019;689;445;19;75
02.12.2019;8782;5945;197;75
03.12.2019;11100;7960;279;71
04.12.2019;10366;7058;244;74
05.12.2019;7072;5009;170;70
06.12.2019;2303;1649;59;70
07.12.2019;1353;906;38;70
08.12.2019;9743;7545;263;70
09.12.2019;12201;8439;283;71
10.12.2019;9283;6382;214;75
11.12.2019;13363;9147;310;73
12.12.2019;3063;2108;71;73
13.12.2019;10501;7785;274;72
14.12.2019;16798;11981;393;73
15.12.2019;20192;14535;482;71
16.12.2019;22258;15920;524;71
17.12.2019;4242;3060;110;71
18.12.2019;10193;7430;264;75
19.12.2019;8593;5756;199;75
20.12.2019;4733;3194;107;73
21.12.2019;9650;6625;224;71
22.12.2019;8215;5535;184;71
23.12.2019;3685;2595;93;73
24.12.2019;1132;750;29;70
25.12.2019;1540;1008;35;73
26.12.2019;8259;5957;213;74
27.12.2019;7755;5440;184;72
28.12.2019;24003;16822;530;72
29.12.2019;25246;17441;550;73
30.12.2019;15295;11102;369;71
31.12.2019;2093;1362;49;75
01.01.2020;9927;6794;236;72
02.01.2020;25094;18562;649;71
03.01.2020;15225;10853;372;71
04.01.2020;18389;13449;452;72
05.01.2020;17264;11999;396;74
06.01.2020;8408;5810;198;70
07.01.2020;8419;5753;181;72
08.01.2020;5013;3486;123;71
09.01.2020;2870;1908;66;70
10.01.2020;10160;7749;259;75
11.01.2020;11940;8964;294;73
12.01.2020;9756;6700;220;71
13.01.2020;11308;7879;278;72
14.01.2020;4952;3567;130;73
15.01.2020;1881;1367;48;73
16.01.2020;4626;3233;113;73
17.01.2020;3456;2421;86;75
18.01.2020;691;448;17;75
19.01.2020;8308;5662;193;73
20.01.2020;9974;6755;225;73
21.01.2020;4815;3478;144;70
22.01.2020;8249;6285;232;71
23.01.2020;5052;3458;115;72
24.01.2020;1441;931;34;71
25.01.2020;11246;8590;292;72
26.01.2020;9607;6576;227;70
27.01.2020;6581;4583;155;74
28.01.2020;2480;1647;58;75
29.01.2020;8430;5836;200;70
30.01.2020;12381;8549;284;75
31.01.2020;8678;6347;224;71
01.02.2020;1473;1017;36;75
02.02.2020;8936;6053;204;75
03.02.2020;10061;7040;247;70
04.02.2020;6361;4557;161;71
05.02.2020;6456;4767;177;75
06.02.2020;4681;3333;118;71
07.02.2020;7922;5991;200;75
08.02.2020;6470;4328;139;74
09.02.2020;9012;6167;207;71
10.02.2020;8896;6482;231;73
11.02.2020;2149;1547;55;73
12.02.2020;10525;7445;256;72
13.02.2020;10985;9161;438;73
14.02.2020;11345;8062;281;74
15.02.2020;2580;1731;60;74
16.02.2020;9038;6060;198;73
17.02.2020;7874;6310;295;71
18.02.2020;3347;2400;83;72
19.02.2020;2340;1668;59;70
20.02.2020;5085;3623;128;74
21.02.2020;7991;5731;209;74
22.02.2020;10862;7553;259;74
23.02.2020;7667;5061;175;75
24.02.2020;8624;5939;207;73
25.02.2020;10422;7135;233;75
26.02.2020;10574;7551;255;72
27.02.2020;3678;2575;97;70
28.02.2020;290;187;8;74
29.02.2020;9879;7038;239;70
01.03.2020;16030;11733;387;72
02.03.2020;8018;5793;204;74
03.03.2020;6619;4662;164;70
04.03.2020;7094;5011;178;72
05.03.2020;8793;6461;230;75
06.03.2020;8251;5854;199;74
07.03.2020;10404;7984;267;74
08.03.2020;445;288;12;71
09.03.2020;6714;4706;162;73
10.03.2020;9894;6860;242;70
11.03.2020;13369;9962;351;71
12.03.2020;10908;7499;249;70
13.03.2020;9717;6687;229;73
14.03.2020;5487;3663;118;71
15.03.2020;8465;5566;190;74
16.03.2020;7812;5328;182;70
17.03.2020;3513;2492;85;73
18.03.2020;6326;4474;156;71
19.03.2020;9415;6506;218;74
20.03.2020;8694;6166;203;71
21.03.2020;7636;5991;269;73
22.03.2020;8741;5898;198;74
23.03.2020;3996;2753;98;75
24.03.2020;6798;4537;153;70
25.03.2020;10691;7613;261;73
26.03.2020;7427;5108;181;70
27.03.2020;2519;1693;56;75
28.03.2020;998;645;25;73
29.03.2020;6838;4502;144;73
30.03.2020;10034;6862;232;72
31.03.2020;9920;6858;225;72
01.04.2020;2927;1981;75;70
02.04.2020;2734;1878;69;73
03.04.2020;2306;1555;55;73
04.04.2020;9290;6210;203;75
05.04.2020;7911;5324;177;73
06.04.2020;7535;5043;163;73
07.04.2020;2299;1533;49;75
08.04.2020;13651;10641;455;75
09.04.2020;9995;7652;267;75
10.04.2020;10085;7819;266;71
11.04.2020;1576;1043;36;71
12.04.2020;9451;7328;248;75
13.04.2020;5696;4955;269;75
14.04.2020;4081;2664;100;74
15.04.2020;1656;1070;39;75
16.04.2020;2812;1878;70;74
17.04.2020;7960;6728;348;75
18.04.2020;3040;2089;81;70
19.04.2020;4385;2925;96;72
20.04.2020;8760;6021;208;70
21.04.2020;10300;7744;269;70
22.04.2020;4908;3588;135;74
23.04.2020;5218;3459;122;71
24.04.2020;8387;5647;192;70
25.04.2020;3462;2368;84;72
26.04.2020;10243;6956;233;70
27.04.2020;9921;6809;235;70
28.04.2020;8042;5584;188;75
29.04.2020;3208;2201;70;70
30.04.2020;1237;800;33;73
01.05.2020;2263;1491;53;71
02.05.2020;8791;5989;205;75
03.05.2020;9149;6287;218;70
04.05.2020;7248;4939;171;73
05.05.2020;5036;3519;125;73
06.05.2020;7735;5365;185;73
07.05.2020;2534;1771;68;74
08.05.2020;7144;4829;174;73
09.05.2020;7053;4750;161;75
10.05.2020;8820;6067;209;72
11.05.2020;3582;2616;95;72
12.05.2020;9219;7068;245;72
13.05.2020;7805;5219;171;74
14.05.2020;2871;1917;67;70
15.05.2020;10195;7012;241;72
16.05.2020;1763;1140;43;75
17.05.2020;6429;4305;148;70
18.05.2020;3929;2690;92;72
19.05.2020;8874;6171;205;75
20.05.2020;3358;2295;74;73
21.05.2020;4609;3045;105;73
22.05.2020;7722;6083;264;75
23.05.2020;7234;4887;162;71
24.05.2020;7930;5305;172;70
25.05.2020;9923;6825;227;71
26.05.2020;7442;6184;284;72
27.05.2020;2306;1555;62;73
28.05.2020;3346;2181;78;74
29.05.2020;9217;7328;306;73
30.05.2020;9130;6216;212;70
31.05.2020;7088;4689;160;70
01.06.2020;11182;7499;244;75
02.06.2020;4198;2756;95;70
03.06.2020;5498;3929;132;73
04.06.2020;3489;2304;77;73
05.06.2020;9785;7379;247;70
06.06.2020;63;41;2;71
07.06.2020;0;0;0;73
08.06.2020;0;0;0;72
09.06.2020;153;99;4;72
10.06.2020;0;0;0;72
11.06.2020;0;0;0;71
12.06.2020;0;0;0;72
13.06.2020;7790;5163;164;70
14.06.2020;6156;4166;142;71
15.06.2020;8833;6843;279;73
16.06.2020;3019;2227;82;71
17.06.2020;11576;8656;346;72
18.06.2020;4097;2688;90;75
19.06.2020;7103;4862;161;72
20.06.2020;8835;6013;198;70
21.06.2020;7465;4988;164;73
22.06.2020;9415;6390;213;71
23.06.2020;2623;1728;58;70
24.06.2020;145;94;4;72
25.06.2020;10093;7422;255;70
26.06.2020;2672;1746;60;72
27.06.2020;15661;11659;450;73
28.06.2020;6730;4465;152;71
29.06.2020;10088;6984;232;72
30.06.2020;7257;5839;256;73
01.07.2020;3382;2374;87;71
02.07.2020;6161;5257;264;70
03.07.2020;8266;5752;193;72
04.07.2020;6441;4246;147;71
05.07.2020;5967;4055;141;72
06.07.2020;2163;1425;49;75
07.07.2020;2297;1520;51;71
08.07.2020;1154;746;25;75
09.07.2020;9316;7078;241;73
10.07.2020;1349;926;34;73
11.07.2020;5282;4532;236;73
12.07.2020;1130;738;30;75
13.07.2020;8962;6164;213;73
14.07.2020;6041;4535;163;74
15.07.2020;542;350;13;70
16.07.2020;2873;1911;66;75
17.07.2020;1085;701;27;70
18.07.2020;6976;4735;153;70
19.07.2020;7955;5339;179;71
20.07.2020;12171;8591;280;74
21.07.2020;1954;1296;44;74
22.07.2020;3135;2053;73;74
23.07.2020;2492;1666;61;70
24.07.2020;6233;4456;152;72
25.07.2020;6958;4669;158;75
26.07.2020;9690;6628;224;71
27.07.2020;3675;2512;86;73
28.07.2020;1595;1046;38;74
29.07.2020;6531;4491;149;75
30.07.2020;10981;7477;257;72
31.07.2020;8228;5531;174;73
01.08.2020;7254;4941;165;71
02.08.2020;8865;5991;192;74
03.08.2020;8648;5898;201;71
04.08.2020;3136;2256;75;75
05.08.2020;1762;1222;44;74
06.08.2020;2213;1528;54;73
07.08.2020;6532;4544;152;74
08.08.2020;3172;2091;71;73
09.08.2020;7408;5078;158;70
10.08.2020;8456;5724;182;70
11.08.2020;7792;5664;191;74
12.08.2020;7789;5532;189;74
13.08.2020;1968;1380;45;75
14.08.2020;7575;5093;174;70
15.08.2020;7874;5344;181;74
16.08.2020;6885;4703;166;71
17.08.2020;6640;4522;143;73
18.08.2020;8053;5523;184;73
19.08.2020;6604;4434;144;73
20.08.2020;4985;3603;128;72
21.08.2020;699;452;19;75
22.08.2020;14422;10203;355;73
23.08.2020;1542;1117;39;70
24.08.2020;756;489;22;71
25.08.2020;3823;2747;98;73
26.08.2020;1025;663;23;74
27.08.2020;16064;11995;410;75
28.08.2020;587;379;21;75
29.08.2020;360;233;12;72
30.08.2020;481;311;15;71
31.08.2020;389;251;9;75
01.09.2020;665;430;19;71
02.09.2020;746;482;19;74
03.09.2020;434;281;13;75
04.09.2020;989;639;26;74
05.09.2020;1261;831;31;75
06.09.2020;1097;713;32;72
07.09.2020;531;343;13;71
08.09.2020;5173;3876;136;74
09.09.2020;3548;2468;87;72
10.09.2020;6006;4732;163;71
11.09.2020;13826;9991;338;71
12.09.2020;10553;7776;255;73
13.09.2020;1027;664;27;74
14.09.2020;2784;2006;71;72
15.09.2020;4506;3116;107;70
16.09.2020;533;345;17;74
17.09.2020;9728;6868;234;75
18.09.2020;5685;4364;153;71
19.09.2020;513;332;14;74
20.09.2020;1992;1327;51;70
21.09.2020;970;627;29;75
22.09.2020;4976;3464;121;74
23.09.2020;457;295;15;70
24.09.2020;4105;2939;106;71
25.09.2020;4933;3596;123;74
26.09.2020;18298;13070;434;70
27.09.2020;932;606;26;74
28.09.2020;414;268;13;75
29.09.2020;4022;2804;99;71
30.09.2020;15605;11831;396;75
01.10.2020;3473;2451;87;74
02.10.2020;5282;3839;137;75
03.10.2020;9992;7385;253;70
04.10.2020;2335;1659;58;73
05.10.2020;8271;6283;215;72
06.10.2020;7184;5159;174;74
07.10.2020;575;372;15;75
08.10.2020;644;416;20;70
09.10.2020;7371;5566;198;75
10.10.2020;1813;1279;44;72
11.10.2020;7973;5967;205;75
12.10.2020;10853;8516;296;74
13.10.2020;8525;6429;222;71
14.10.2020;7590;5546;189;74
15.10.2020;28293;21473;724;71
16.10.2020;2219;1649;61;72
17.10.2020;2039;1479;51;71
18.10.2020;4901;3714;126;75
19.10.2020;647;418;20;73
20.10.2020;8568;6493;221;70
21.10.2020;3275;2295;75;75
22.10.2020;4161;3001;105;73
23.10.2020;10213;7568;265;72
24.10.2020;327;211;10;75
25.10.2020;315;204;9;71
26.10.2020;534;345;13;70
27.10.2020;3679;2524;84;70
28.10.2020;612;396;17;73
29.10.2020;9458;6882;230;70
30.10.2020;13820;10516;361;71
31.10.2020;2610;1852;66;72
01.11.2020;11408;8276;286;70
02.11.2020;5480;4030;141;74
03.11.2020;3003;2068;73;74
04.11.2020;254;164;9;75
05.11.2020;923;597;27;72
06.11.2020;7638;5560;188;70
07.11.2020;6912;4771;161;71
08.11.2020;4216;2779;92;71
09.11.2020;7819;5936;202;70
10.11.2020;19232;14278;475;73
11.11.2020;493;319;15;75
12.11.2020;364;235;11;73
13.11.2020;4624;3152;108;72
14.11.2020;322;208;9;74
15.11.2020;361;233;12;73
16.11.2020;5666;3914;134;74
17.11.2020;6686;4919;167;74
18.11.2020;10102;7199;247;75
19.11.2020;6645;4946;171;73
20.11.2020;4697;3492;121;72
21.11.2020;465;301;17;70
22.11.2020;329;213;11;71
23.11.2020;4293;2974;105;72
24.11.2020;383;248;11;75
25.11.2020;3612;2582;88;75
26.11.2020;11009;8222;278;71
27.11.2020;3475;2504;88;70
28.11.2020;2012;1495;53;74
29.11.2020;3157;2344;81;71
30.11.2020;1220;789;28;73
01.12.2020;2830;1879;69;71
02.12.2020;23147;16896;564;73
03.12.2020;12926;8993;296;72
04.12.2020;7781;5574;182;73
05.12.2020;28148;19997;665;75
06.12.2020;6772;4619;153;72
07.12.2020;9072;6445;218;71
08.12.2020;25294;18336;604;75
09.12.2020;9311;6494;226;72
10.12.2020;7470;5100;170;75
11.12.2020;9230;6376;214;70
12.12.2020;6691;4824;166;72
13.12.2020;6807;5518;240;72
14.12.2020;1917;1303;44;71
15.12.2020;9003;6759;232;70
16.12.2020;10684;8268;284;73
17.12.2020;4609;3275;114;71
18.12.2020;8845;6353;210;71
19.12.2020;2019;1363;51;70
20.12.2020;774;500;23;75
21.12.2020;3446;2364;85;74
22.12.2020;7873;6165;247;74
23.12.2020;1474;992;38;70
24.12.2020;3187;2115;80;72
25.12.2020;1407;977;36;75
26.12.2020;2490;1609;60;71
27.12.2020;10065;7615;262;71
28.12.2020;1772;1174;43;74
29.12.2020;1021;660;27;72
30.12.2020;1525;986;36;72
31.12.2020;1721;1143;40;75
01.01.2021;1182;764;30;75
02.01.2021;6252;4634;162;71
03.01.2021;3407;2422;86;73
04.01.2021;3202;2163;77;74
05.01.2021;5298;4242;191;73
06.01.2021;3867;2591;90;72
07.01.2021;5206;4096;142;75
08.01.2021;6929;5394;230;75
09.01.2021;2554;1714;61;75
10.01.2021;9866;7682;265;74
11.01.2021;4948;3495;121;74
12.01.2021;613;396;15;71
13.01.2021;6410;5113;212;70
14.01.2021;6253;4353;149;74
15.01.2021;2718;1831;61;75
16.01.2021;3141;2131;73;70
17.01.2021;6919;5284;194;72
18.01.2021;3138;2225;76;72
19.01.2021;1650;1180;45;75
20.01.2021;3686;2520;88;72
21.01.2021;3201;2225;72;73
22.01.2021;11455;8885;301;70
23.01.2021;2088;1415;51;75
24.01.2021;9047;6749;226;70
25.01.2021;2559;1790;65;71
26.01.2021;3325;2344;84;71
27.01.2021;8091;6405;278;70
28.01.2021;2155;1454;56;71
29.01.2021;1934;1358;47;74
30.01.2021;11755;8508;295;75
31.01.2021;998;645;27;70
01.02.2021;10712;7796;261;75
02.02.2021;3516;2509;83;70
03.02.2021;3659;2549;88;75
04.02.2021;3680;2611;94;71
05.02.2021;1506;1068;39;75
06.02.2021;1538;997;36;75
07.02.2021;570;384;14;71
08.02.2021;5762;4050;133;71
09.02.2021;8042;5605;190;74
10.02.2021;3209;2242;76;75
11.02.2021;5697;4157;138;72
12.02.2021;2832;2100;71;70
13.02.2021;1407;962;33;71
14.02.2021;5475;4250;144;74
15.02.2021;3732;2563;94;72
16.02.2021;1634;1137;39;73
17.02.2021;2800;1913;65;73
18.02.2021;4344;3225;107;70
19.02.2021;2145;1519;52;74
20.02.2021;3188;2157;83;70
21.02.2021;13862;9265;305;72
22.02.2021;6313;5047;197;74
23.02.2021;5860;4588;201;71
24.02.2021;3969;2683;93;73
25.02.2021;6529;4809;160;72
26.02.2021;1835;1283;44;75
27.02.2021;1660;1161;37;72
28.02.2021;1298;839;31;72
01.03.2021;8435;6700;270;73
02.03.2021;11028;8541;284;70
03.03.2021;7132;5516;227;71
04.03.2021;9451;7056;235;73
05.03.2021;1763;1191;45;75
06.03.2021;1252;818;32;72
07.03.2021;8935;6860;231;73
08.03.2021;7680;5778;249;70
09.03.2021;4608;3234;107;71
10.03.2021;2493;1650;56;74
11.03.2021;7272;5144;181;70
12.03.2021;1781;1211;38;74
13.03.2021;1606;1106;39;72
14.03.2021;4315;3152;104;75
15.03.2021;3591;2482;86;73
16.03.2021;1977;1402;46;74
17.03.2021;9323;6919;229;72
18.03.2021;5279;3907;132;70
19.03.2021;698;453;15;75
20.03.2021;11843;8330;270;73
21.03.2021;0;0;0;70
22.03.2021;9808;7429;254;75
23.03.2021;1137;780;28;75
24.03.2021;2205;1589;54;75
25.03.2021;3490;2328;77;75
26.03.2021;6900;4881;160;74
27.03.2021;1254;883;29;72
28.03.2021;1528;1080;35;70
29.03.2021;10028;7800;311;72
30.03.2021;6947;4948;167;72
31.03.2021;8445;5834;195;73
01.04.2021;3417;2403;76;74
02.04.2021;4068;2811;100;71
03.04.2021;4405;3062;102;71
04.04.2021;738;502;16;72
05.04.2021;2458;1757;56;73
06.04.2021;1172;819;29;71
07.04.2021;2696;1903;62;73
08.04.2021;2302;1645;53;70
09.04.2021;4923;3500;116;70
10.04.2021;9018;6647;222;75
11.04.2021;12286;8891;295;72
12.04.2021;7216;5562;183;70
13.04.2021;5818;4566;158;73
14.04.2021;5040;4044;137;73
15.04.2021;4936;3717;125;73
16.04.2021;15368;11598;385;74
17.04.2021;599;422;15;70
18.04.2021;4154;3072;104;70
19.04.2021;5789;4554;154;70
20.04.2021;9926;7825;265;73
21.04.2021;6493;5115;180;71
22.04.2021;5128;3950;135;73
23.04.2021;6857;5349;184;70
24.04.2021;5029;3931;132;71
25.04.2021;7711;5814;197;72
26.04.2021;6681;5041;168;73
27.04.2021;6939;5376;183;72
28.04.2021;263;170;7;70
29.04.2021;4493;3600;122;71
30.04.2021;2853;2063;72;73
01.05.2021;14603;9955;331;73
02.05.2021;7744;5073;161;70
03.05.2021;11519;7843;267;73
04.05.2021;5397;4151;140;74
05.05.2021;351;227;11;74
06.05.2021;887;573;20;70
07.05.2021;5276;4091;142;70
08.05.2021;234;151;6;73
09.05.2021;7070;5415;189;73
10.05.2021;5592;4321;146;73
11.05.2021;793;513;26;71
12.05.2021;14931;11324;384;71
13.05.2021;26435;19110;627;73
14.05.2021;9611;6787;228;72
15.05.2021;7359;5604;190;72
16.05.2021;1211;783;32;72
17.05.2021;2773;1934;68;75
18.05.2021;2410;1687;61;72
19.05.2021;5720;4261;145;74
20.05.2021;7050;5413;234;70
21.05.2021;10762;7750;280;75
22.05.2021;12470;9612;341;75
23.05.2021;17991;12369;428;71
24.05.2021;4119;3467;178;70
25.05.2021;9046;7001;292;73
26.05.2021;6304;4897;177;74
27.05.2021;5582;4440;215;74
28.05.2021;1969;1370;60;75
29.05.2021;3421;2943;163;72
30.05.2021;992;661;34;72
31.05.2021;5988;5016;246;74
01.06.2021;10016;7918;329;75
02.06.2021;9108;6945;666;74
03.06.2021;530;343;22;71
04.06.2021;6837;5169;503;75
05.06.2021;1528;1051;48;72
06.06.2021;6980;5442;250;74
07.06.2021;4919;4193;200;73
08.06.2021;2458;1707;72;71
09.06.2021;8214;5988;376;72
10.06.2021;7031;4963;184;71
11.06.2021;3259;2199;245;75
12.06.2021;594;384;19;75
13.06.2021;8119;6340;429;70
14.06.2021;11499;8584;430;70
15.06.2021;11304;8657;474;74
16.06.2021;4995;3539;236;70
17.06.2021;1495;1047;47;70
18.06.2021;4040;2926;300;72
19.06.2021;7344;5333;432;75
20.06.2021;4844;4141;225;75
21.06.2021;13591;10147;357;72
22.06.2021;7123;5125;261;70
23.06.2021;33213;24713;838;75
24.06.2021;36135;27296;910;74
25.06.2021;3409;2267;90;74
26.06.2021;1706;1189;58;73
27.06.2021;2326;1623;617;74
28.06.2021;3868;2651;101;72
29.06.2021;5107;3647;255;74
30.06.2021;1602;1099;53;73
01.07.2021;2819;1945;77;74
02.07.2021;1939;1280;319;73
03.07.2021;7580;6672;360;75
04.07.2021;1363;881;355;74
05.07.2021;2522;1724;77;74
06.07.2021;7130;5188;770;75
07.07.2021;9289;6724;235;73
08.07.2021;9950;8401;418;72
09.07.2021;7299;6198;326;73
10.07.2021;4723;3383;127;73
11.07.2021;5484;3986;154;74
12.07.2021;6906;4830;183;72
13.07.2021;7000;5966;317;75
14.07.2021;3093;2343;91;71
15.07.2021;2936;2084;77;72
16.07.2021;7482;5351;199;72
17.07.2021;6220;4400;174;70
18.07.2021;6995;6415;378;72
19.07.2021;3973;2646;112;74
20.07.2021;2677;1793;75;75
21.07.2021;2373;1690;70;75
22.07.2021;1284;910;43;73
23.07.2021;12287;9000;313;71
24.07.2021;22921;16588;562;74
25.07.2021;487;315;21;70
26.07.2021;2737;1842;208;71
27.07.2021;12839;9303;328;72
28.07.2021;7105;5330;186;73
29.07.2021;147;95;9;73
30.07.2021;16316;13078;580;75
31.07.2021;3744;2557;96;70
01.08.2021;6945;6063;333;74
02.08.2021;3614;2482;288;72
03.08.2021;2626;1823;68;71
04.08.2021;7301;5330;189;71
05.08.2021;8423;6556;230;71
06.08.2021;2498;1766;73;75
07.08.2021;2854;1968;82;75
08.08.2021;7459;6768;388;73
09.08.2021;3299;2245;271;74
10.08.2021;6638;5016;177;71
11.08.2021;5869;4457;159;74
12.08.2021;3315;2303;88;75
13.08.2021;1072;733;32;73
14.08.2021;8051;7271;416;72
15.08.2021;4843;3377;137;70
16.08.2021;6306;4790;175;70
17.08.2021;1446;1005;43;73
18.08.2021;10739;8249;1059;74
19.08.2021;82;53;5;75
20.08.2021;7845;7035;396;74
21.08.2021;2105;1413;67;74
22.08.2021;224;145;11;74
23.08.2021;4279;2971;118;71
24.08.2021;1304;920;38;70
25.08.2021;13652;11790;601;73
26.08.2021;3623;2451;104;72
27.08.2021;2538;1778;78;73
28.08.2021;1587;1077;48;74
29.08.2021;2155;1421;207;70
30.08.2021;1218;851;43;74
31.08.2021;10598;9650;556;72
01.09.2021;10541;7986;277;71
02.09.2021;10358;7663;680;72
03.09.2021;2514;1741;76;70
04.09.2021;1755;1200;56;71
05.09.2021;8845;6957;244;73
06.09.2021;9052;8416;491;72
07.09.2021;3325;2335;588;71
08.09.2021;1237;881;39;75
09.09.2021;10393;9389;530;71
10.09.2021;2096;1444;65;71
11.09.2021;7245;5551;543;72
12.09.2021;1806;1205;54;73
13.09.2021;3272;2461;99;74
14.09.2021;21436;16031;555;71
15.09.2021;12578;9722;332;74
16.09.2021;1522;1071;51;71
17.09.2021;3841;2685;107;71
18.09.2021;2207;1636;69;71
19.09.2021;9883;7761;276;71
20.09.2021;4002;2746;124;70
21.09.2021;2254;1560;63;73
22.09.2021;8162;6254;257;70
23.09.2021;3968;2749;111;72
24.09.2021;2170;1566;68;72
25.09.2021;9857;7345;261;71
26.09.2021;620;401;26;74
27.09.2021;9167;6747;241;75
28.09.2021;5995;4750;172;70
29.09.2021;3147;2316;98;71
30.09.2021;3603;2661;101;71
01.10.2021;7561;5543;202;73
02.10.2021;1528;1067;47;71
03.10.2021;825;533;31;71
04.10.2021;4469;3239;115;73
05.10.2021;7475;5685;206;71
06.10.2021;2378;1738;66;75
07.10.2021;6812;4937;193;75
08.10.2021;10836;8134;279;73
09.10.2021;8873;6766;243;72
10.10.2021;3357;2751;105;71
11.10.2021;3725;2816;106;75
12.10.2021;3383;2501;102;70
13.10.2021;1782;1304;53;75
14.10.2021;6961;4740;179;72
15.10.2021;8577;6449;227;72
16.10.2021;4154;3079;115;72
17.10.2021;643;416;21;75
18.10.2021;8870;6599;237;72
19.10.2021;3253;2432;89;73
20.10.2021;2893;2016;79;70
21.10.2021;6248;4641;168;73
22.10.2021;3127;2369;90;73
23.10.2021;10896;8348;296;70
24.10.2021;7081;5136;416;72
25.10.2021;6307;4798;174;72
26.10.2021;3204;2428;98;71
27.10.2021;2144;1490;155;74
28.10.2021;1147;827;41;74
29.10.2021;4144;3046;112;74
30.10.2021;3522;2410;98;70
31.10.2021;8504;6791;241;71
01.11.2021;2426;1669;67;72
02.11.2021;1402;1005;45;74
03.11.2021;13774;10650;374;73
04.11.2021;1321;956;38;75
05.11.2021;1407;945;39;75
06.11.2021;1335;863;49;70
07.11.2021;2123;1387;62;72
08.11.2021;1494;1045;48;70
09.11.2021;10126;7844;280;73
10.11.2021;433;280;19;71
11.11.2021;14054;10360;370;75
12.11.2021;4293;3061;108;72
13.11.2021;9285;7225;249;74
14.11.2021;2557;1689;73;73
15.11.2021;2233;1575;66;70
16.11.2021;1891;1314;59;73
17.11.2021;10593;7664;745;72
18.11.2021;1428;986;47;70
19.11.2021;2499;1770;66;71
20.11.2021;5749;4275;159;75
21.11.2021;5054;3865;141;72
22.11.2021;6777;5056;597;73
23.11.2021;2290;1641;61;73
24.11.2021;1111;813;35;71
25.11.2021;2485;1731;67;72
26.11.2021;6941;5248;200;75
27.11.2021;2399;1669;70;75
28.11.2021;527;341;21;75
29.11.2021;7267;5404;194;72
30.11.2021;355;229;20;73
01.12.2021;5450;4074;687;75
02.12.2021;1256;902;46;75
03.12.2021;4337;3314;128;71
04.12.2021;1496;1022;49;73
05.12.2021;5547;4133;155;74
06.12.2021;1254;908;37;71
07.12.2021;5548;4121;156;74
08.12.2021;1514;1048;53;73
09.12.2021;1595;1108;48;75
10.12.2021;2760;1865;72;73
11.12.2021;1157;809;33;74
12.12.2021;480;310;21;74
13.12.2021;3519;2651;100;72
14.12.2021;2383;1670;69;75
15.12.2021;3726;2671;107;72
16.12.2021;7410;5475;198;73
17.12.2021;4550;3282;121;72
18.12.2021;1170;824;35;75
19.12.2021;3662;2611;102;74
20.12.2021;3954;2783;110;74
21.12.2021;5096;4035;143;72
22.12.2021;507;328;21;72
23.12.2021;4079;2796;111;71
24.12.2021;515;333;22;70
25.12.2021;8727;6748;247;72
26.12.2021;8713;6518;226;71
27.12.2021;1698;1166;46;75
28.12.2021;8577;6527;637;74
29.12.2021;25208;19232;650;75
30.12.2021;15717;11526;397;75
31.12.2021;8121;5875;214;70
01.01.2022;1727;1116;57;70
02.01.2022;17435;12644;436;71
03.01.2022;6003;4334;164;75
04.01.2022;7021;5596;195;71
05.01.2022;2792;2039;87;75
06.01.2022;14124;10174;349;71
07.01.2022;4448;3407;130;74
08.01.2022;7095;5282;189;72
09.01.2022;7853;5591;199;72
10.01.2022;5161;3650;138;75
11.01.2022;13638;10040;343;74
12.01.2022;6825;4969;179;73
13.01.2022;10457;7850;272;70
14.01.2022;420;271;20;72
15.01.2022;1275;899;40;75
16.01.2022;964;623;39;72
17.01.2022;5628;4278;149;73
18.01.2022;1509;1079;49;74
19.01.2022;6161;4607;171;72
20.01.2022;4769;3359;135;74
21.01.2022;6160;4428;159;75
22.01.2022;774;500;23;72
23.01.2022;681;440;20;73
24.01.2022;1358;936;42;70
25.01.2022;628;406;21;73
26.01.2022;8293;6550;231;75
27.01.2022;1830;1294;54;74
28.01.2022;8085;5863;230;75
29.01.2022;1369;936;38;72
30.01.2022;519;335;18;75
31.01.2022;3290;2396;91;73
01.02.2022;4547;3195;126;75
02.02.2022;2910;1982;72;73
03.02.2022;1421;1013;45;72
04.02.2022;1290;932;36;70
05.02.2022;9114;7152;249;75
06.02.2022;14456;11265;387;74
07.02.2022;1607;1109;44;75
08.02.2022;5403;3845;462;75
09.02.2022;1134;733;43;72
10.02.2022;2775;1967;83;73
11.02.2022;6242;4446;164;71
12.02.2022;529;342;17;74
13.02.2022;416;269;13;73
14.02.2022;4675;3316;466;72
15.02.2022;2884;2162;83;74
16.02.2022;4087;2964;106;71
17.02.2022;8092;5829;215;72
18.02.2022;1414;982;46;72
19.02.2022;7550;5807;200;71
20.02.2022;244;158;11;71
21.02.2022;2930;2128;85;73
22.02.2022;1403;968;42;72
23.02.2022;9238;7206;254;71
24.02.2022;8621;6393;232;73
25.02.2022;2394;1687;66;73
26.02.2022;1374;957;38;72
27.02.2022;8771;6582;242;70
28.02.2022;4924;3639;1320;74
01.03.2022;621;401;24;71
02.03.2022;1672;1153;48;72
03.03.2022;9320;7320;256;72
04.03.2022;1472;1012;47;74
05.03.2022;509;330;18;75
06.03.2022;13355;10561;728;74
07.03.2022;3680;2691;104;71
08.03.2022;8028;5921;216;72
09.03.2022;4339;2961;109;75
10.03.2022;2379;1679;66;74
11.03.2022;2945;2078;81;73
12.03.2022;9948;7755;266;72
13.03.2022;321;218;11;70
14.03.2022;5800;4172;148;71
15.03.2022;10167;7553;745;75
16.03.2022;3659;2611;93;71
17.03.2022;12220;8744;311;70
18.03.2022;9136;6868;533;75
19.03.2022;2290;1610;222;75
20.03.2022;2269;1595;62;70
21.03.2022;7266;5495;200;70
22.03.2022;10692;8152;289;73
23.03.2022;7309;5259;661;74
24.03.2022;2323;1644;60;70
25.03.2022;5083;3643;136;70
26.03.2022;12264;9503;325;75
27.03.2022;10301;7721;265;72
28.03.2022;23797;18395;637;73
29.03.2022;4337;3151;129;70
30.03.2022;4281;2963;121;74
31.03.2022;15502;11011;386;71
01.04.2022;18263;12840;426;71
02.04.2022;18882;14097;482;71
03.04.2022;11998;9059;304;71
04.04.2022;28614;21517;724;75
05.04.2022;37323;28234;942;70
06.04.2022;9496;6917;233;75
07.04.2022;12862;9172;314;72
08.04.2022;2718;1966;79;75
09.04.2022;15753;11312;382;71
10.04.2022;16401;11682;396;75
11.04.2022;12796;9470;324;74
12.04.2022;7971;5707;198;75
13.04.2022;9059;6731;234;70
14.04.2022;1770;1210;56;74
15.04.2022;9605;7103;249;73
16.04.2022;13189;9561;323;73
17.04.2022;6890;5044;177;72
18.04.2022;14399;10666;369;71
19.04.2022;12282;8976;318;72
20.04.2022;2213;1431;60;74
21.04.2022;3485;2273;141;70
22.04.2022;8584;6164;219;75
23.04.2022;14415;10237;358;75
24.04.2022;1168;755;46;73
25.04.2022;7507;5286;187;75
26.04.2022;4067;2839;109;73
27.04.2022;4476;2971;109;70
28.04.2022;3648;2593;98;73
29.04.2022;3606;2509;90;72
30.04.2022;1439;1024;44;71
01.05.2022;5286;3762;138;73
02.05.2022;3718;2446;88;71
03.05.2022;2240;1451;65;72
04.05.2022;2681;1737;66;70
05.05.2022;2625;1769;73;70
06.05.2022;3556;2496;98;71
07.05.2022;13515;9842;332;73
08.05.2022;1446;935;52;71
09.05.2022;2188;1414;68;72
10.05.2022;6902;5077;183;71
11.05.2022;9670;6813;255;74
12.05.2022;5655;3946;149;73
13.05.2022;3568;2477;94;73
14.05.2022;1945;1344;58;74
15.05.2022;1208;784;41;70
16.05.2022;3586;2401;91;73
17.05.2022;3588;2344;94;75
18.05.2022;2476;1600;59;73
19.05.2022;4041;2819;107;73
20.05.2022;2115;1375;59;72
21.05.2022;4603;3323;123;72
22.05.2022;14557;10836;375;74
23.05.2022;4715;3405;131;75
24.05.2022;10206;7740;277;75
25.05.2022;10980;7991;295;71
26.05.2022;19645;14487;494;72
27.05.2022;2833;1838;87;74
28.05.2022;25981;19105;652;70
29.05.2022;23821;17224;579;74
30.05.2022;4980;3526;132;71
31.05.2022;5371;3722;140;70
01.06.2022;5886;4299;155;71
02.06.2022;142;92;7;75
03.06.2022;4393;3203;114;73
04.06.2022;2374;1585;63;74
05.06.2022;21456;15527;534;70
06.06.2022;2334;1693;75;72
07.06.2022;8381;5971;206;73
08.06.2022;1966;1283;53;74
09.06.2022;2316;1497;66;73
10.06.2022;3750;2637;101;73
11.06.2022;22662;16990;571;71
12.06.2022;18833;14265;490;71
13.06.2022;4934;3602;127;70
14.06.2022;4439;3179;125;72
15.06.2022;4607;3234;115;71
16.06.2022;21077;15053;503;71
17.06.2022;4371;3068;115;71
18.06.2022;1749;1142;50;70
19.06.2022;935;604;33;72
20.06.2022;7069;5119;184;73
21.06.2022;7666;5442;190;70
22.06.2022;9257;6637;244;72
23.06.2022;3135;2077;87;74
24.06.2022;10897;7884;278;71
25.06.2022;14193;10509;664;74
26.06.2022;2462;1702;103;73
27.06.2022;2616;1707;168;71
28.06.2022;3574;2399;142;72
29.06.2022;2589;1692;119;75
30.06.2022;9019;6393;381;73
01.07.2022;20160;14847;1358;75
02.07.2022;10937;7618;371;75
03.07.2022;31643;23447;2543;71
04.07.2022;2692;1745;111;72
05.07.2022;2868;1919;109;73
06.07.2022;4539;3211;169;70
07.07.2022;6860;4889;248;74
08.07.2022;2843;1841;121;71
09.07.2022;4814;3485;158;74
10.07.2022;3518;2339;268;74
11.07.2022;3042;1982;128;70
12.07.2022;5982;4385;196;72
13.07.2022;7853;5632;254;72
14.07.2022;14795;10604;1018;73
15.07.2022;5445;4006;191;70
16.07.2022;10807;7710;552;73
17.07.2022;3651;2362;198;71
18.07.2022;2764;1787;134;70
19.07.2022;4989;3448;183;72
20.07.2022;5906;4246;218;75
21.07.2022;17349;12315;505;73
22.07.2022;31239;22425;866;72
23.07.2022;17492;12201;514;71
24.07.2022;20200;14575;587;71
25.07.2022;17346;12578;532;71
26.07.2022;26641;19255;743;70
27.07.2022;15116;11247;450;74
28.07.2022;9281;6604;287;74
29.07.2022;12046;8767;360;70
30.07.2022;4594;3301;167;74
31.07.2022;3956;2873;131;71
01.08.2022;5475;4165;163;73
02.08.2022;10307;7624;311;73
03.08.2022;7143;5220;230;72
04.08.2022;15387;11990;1033;75
05.08.2022;4825;3456;174;75
06.08.2022;2455;1783;96;75
07.08.2022;9830;6735;330;73
08.08.2022;2638;1725;114;75
09.08.2022;5154;3692;188;70
10.08.2022;6272;4537;216;72
11.08.2022;6907;4931;323;73
12.08.2022;4430;2997;182;75
13.08.2022;8849;6201;524;72
14.08.2022;20232;14693;628;72
15.08.2022;19962;16986;1195;70
16.08.2022;2617;1694;114;72
17.08.2022;9033;6554;286;74
18.08.2022;13194;11189;871;71
19.08.2022;3026;1956;137;70
20.08.2022;26143;19086;724;72
21.08.2022;20873;15338;608;74
22.08.2022;12792;11262;779;75
23.08.2022;4059;2766;155;74
24.08.2022;9322;6704;286;73
25.08.2022;10874;9122;592;73
26.08.2022;6823;4926;241;70
27.08.2022;24251;17712;705;74
28.08.2022;10519;7559;358;70
29.08.2022;5028;3560;182;74
30.08.2022;2918;2227;112;72
31.08.2022;8686;6232;302;74
01.09.2022;15073;12177;790;74
02.09.2022;6633;4693;270;70
03.09.2022;1214;785;88;72
04.09.2022;18694;13367;522;75
05.09.2022;3077;2068;131;75
06.09.2022;3228;2090;135;72
07.09.2022;4981;3380;170;75
08.09.2022;2615;1695;120;74
09.09.2022;11215;8130;347;71
10.09.2022;29305;22183;945;75
11.09.2022;4402;3073;608;70
12.09.2022;4489;3161;171;70
13.09.2022;4384;3214;164;72
14.09.2022;4660;3372;179;72
15.09.2022;12752;10547;864;75
16.09.2022;10343;6920;337;70
17.09.2022;8310;5714;259;70
18.09.2022;659;426;56;74
19.09.2022;7598;5531;261;72
20.09.2022;4811;3444;326;74
21.09.2022;8545;6417;289;70
22.09.2022;7398;5177;257;73
23.09.2022;5008;3464;188;73
24.09.2022;4417;2965;189;74
25.09.2022;3726;2476;150;73
26.09.2022;4720;3278;184;73
27.09.2022;10909;7684;810;75
28.09.2022;6880;4944;240;72
29.09.2022;3110;2033;129;71
30.09.2022;5890;3999;240;74
01.10.2022;10339;7251;337;74
02.10.2022;24664;17427;662;70
03.10.2022;17523;12929;513;70
04.10.2022;9188;6431;631;71
05.10.2022;5088;3530;185;70
06.10.2022;11053;9312;768;73
07.10.2022;3952;2588;198;71
08.10.2022;14249;10213;460;71
09.10.2022;5269;3646;197;71
10.10.2022;6497;4735;228;72
11.10.2022;2750;1794;128;75
12.10.2022;4642;3137;205;74
13.10.2022;12048;10059;716;74
14.10.2022;4049;2627;197;70
15.10.2022;2082;1354;133;71
16.10.2022;6350;4523;210;74
17.10.2022;8660;6181;285;72
18.10.2022;4924;3467;172;75
19.10.2022;4917;3334;174;73
20.10.2022;5206;3688;165;70
21.10.2022;2957;1930;130;72
22.10.2022;4473;3148;166;70
23.10.2022;553;357;41;73
24.10.2022;8192;5900;547;71
25.10.2022;5397;3955;194;71
26.10.2022;6356;4511;223;71
27.10.2022;15744;12966;861;74
28.10.2022;8144;5571;286;70
29.10.2022;11419;8116;384;72
30.10.2022;21800;16487;621;73
31.10.2022;4570;3123;189;75
01.11.2022;15633;12000;481;72
02.11.2022;2821;1835;134;74
03.11.2022;3510;2297;140;71
04.11.2022;2922;1894;110;73
05.11.2022;611;395;47;70
06.11.2022;7237;5938;496;73
07.11.2022;10444;7286;869;70
08.11.2022;9168;6838;288;74
09.11.2022;3245;2145;144;74
10.11.2022;2646;1711;131;71
11.11.2022;7514;5479;255;71
12.11.2022;22086;16199;627;73
13.11.2022;1680;1086;317;71
14.11.2022;3583;2440;150;70
15.11.2022;10116;7262;305;71
16.11.2022;6368;4459;201;74
17.11.2022;6422;4373;252;75
18.11.2022;2953;1909;138;70
19.11.2022;2478;1757;105;74
20.11.2022;1186;767;84;73
21.11.2022;6923;4708;246;75
22.11.2022;3733;2497;167;72
23.11.2022;6597;4271;291;75
24.11.2022;7336;5166;268;70
25.11.2022;5067;3412;192;73
26.11.2022;27531;21264;761;70
27.11.2022;24162;17362;652;75
28.11.2022;27529;20860;748;74
29.11.2022;22188;16442;602;75
30.11.2022;38443;29485;1013;70
01.12.2022;9951;7285;344;75
02.12.2022;5922;4305;260;73
03.12.2022;1545;1089;75;74
04.12.2022;1922;1242;121;72
05.12.2022;3157;2057;145;71
06.12.2022;6042;4097;223;72
07.12.2022;6222;4320;233;74
08.12.2022;4663;3352;207;70
09.12.2022;1833;1244;120;74
10.12.2022;14590;10393;466;72
11.12.2022;213;138;13;72
12.12.2022;4924;3457;191;71
13.12.2022;7776;5509;257;71
14.12.2022;7554;5438;254;73
15.12.2022;10542;7357;314;75
16.12.2022;4167;2905;164;70
17.12.2022;6148;4250;255;72
18.12.2022;3461;2245;186;73
19.12.2022;10289;7463;336;72
20.12.2022;9039;6517;296;74
21.12.2022;2968;2172;131;73
22.12.2022;1167;754;87;73
23.12.2022;9858;6853;346;73
24.12.2022;11530;8242;402;72
25.12.2022;21136;15276;627;75
26.12.2022;24190;17544;684;75
27.12.2022;26821;19238;719;74
28.12.2022;13856;10471;416;72
29.12.2022;3228;2362;144;72
30.12.2022;1511;977;87;73
31.12.2022;8037;6468;424;71
01.01.2023;1989;1291;110;71
02.01.2023;8093;5795;284;71
03.01.2023;8798;6543;270;74
04.01.2023;1143;739;63;73
05.01.2023;8899;6327;279;70
06.01.2023;31561;24061;880;72
07.01.2023;1904;1231;106;75
08.01.2023;4199;2823;155;74
09.01.2023;2941;2130;134;70
10.01.2023;4451;2919;198;71
11.01.2023;11750;9207;523;71
12.01.2023;11623;8484;360;73
13.01.2023;4508;3169;193;70
14.01.2023;2104;1408;111;70
